Task ID,??,??,Task Name,Action Type,Text,Environment,Taxonomy,Skill,HDF5 count,length(step),Data Size(GB),evaluation,comments,Sound data,Box URL,Date,Total steps
0000, BOX?NAS,?NAS??,ex.) convenience_pick,Pick object from shelf,,"robot: UR5e, RBG camera: 2, audio_none",,,"5,757",,none,none,?????????????NPZ???????????,FALSE,https://aist.box.com/s/tfaubnjzsfe7n3uk8iam95zmytqe1xo3,,0
0001,FALSE,FALSE,peel_film,Peel film with left arm,Remove the film using the left arm.,"robot : ALOHA, RBG camera : 4, curtain_none, audio_none",Symmetric Bimanual,peel,50,1000,185,?,????????????????????????????????,FALSE,https://aist.box.com/s/korduzq9uepq3ez4b0sqw0hp5vkkpt7l,2024/09/02,50000
0002,FALSE,FALSE,usb_rightarm,Insert usb into hub with right arm,Plug the USB into the hub using the right arm.,"robot : ALOHA, RBG camera : 4, separate audio",Independant,insert,50,1000,190,�,?????????usb???????????????????????????????????,FALSE,https://aist.box.com/s/vwdg5ds78g8boet4sgbgslrqpp8n1tfb,2024/09/03,50000
0003,FALSE,FALSE,bluebox_right_left,Pass box from right arm to left arm and left arm to rihgt arm,Pass the blue block from the right arm to the left arm.,"robot : ALOHA, RBG camera : 4, separate audio",Asymmetric Bimanual,hand-over,50,1000,192,�,??????????????????????????????????????????????????????????,FALSE,https://aist.box.com/s/prdp2pjuluk5s4nza1huceigu44fgirp,2024/09/03,50000
0004,FALSE,FALSE,peel_ducttape,Peeling duct tape using both arms.,Peel the tape with your right arm.,"robot : ALOHA, RBG camera : 4, separate audio",Symmetric Bimanual,peel,50,1000,178,?,??????????????????,FALSE,https://aist.box.com/s/e78b5fxlzu0jxpqgivh84c63gsyqgoel,2024/09/03,50000
0005,FALSE,FALSE,pull_rubberband,Pulling a rubberband with both arms.,Pull the rubber band with both arms.,"robot : ALOHA, RBG camera : 4, separate audio",Symmetric Bimanual,pull,50,1000,34,�,???????????????????????????????????????????????????????????????????????,FALSE,https://aist.box.com/s/0uy73f1z3pk8bgvd6pcjoon65wgvzx3j,2024/09/03,50000
0006,FALSE,FALSE,usb_leftarm,Insert usb into hub with left arm,Insert the USB with your left arm.,"robot : ALOHA, RBG camera : 4, Depth camera : 2, separate audio",Independant,insert,50,1000,322,?,??????????????????????????????????????????????????,FALSE,https://aist.box.com/s/8g5gtlv9owweez2lqvn1r9binp1sd7kj,2024/09/03,50000
0007,TRUE,FALSE,gear_task_washer1_len700,Put washer on shaft,Put the washer on the shaft.,"robot : ALOHA, RBG camera : 4, Depth camera : 2, 8videos grid, audio in hdf5",Independant,place,50,700,237,?,epoch3500??????????????????????????????????????????????????????????????????????????????epoch(????)?2000??5000????????epoch????????????1000????????3000??????????????,FALSE,https://aist.box.com/s/6159jysh6qzd50yzn834ak01th6p7na2,2024/09/03,35000
0008,FALSE,FALSE,gear_task_gear_len500,Put big gear on shaft,Put the large gear on the shaft.,"robot : ALOHA, RBG camera : 4, Depth camera : 2, 8videos grid, audio in hdf5",Independant,place,50,500,175,?,epoch3000????????????????????????????????????????,FALSE,https://aist.box.com/s/zsh0khpwysycak95wxqbrsyo02g1rb9v,2024/09/11,25000
0009,FALSE,FALSE,gear_task_gear_len700,Put small gear on shaft,Put the small gear on the shaft.,"robot : ALOHA, RBG camera : 4, Depth camera : 2, 8videos grid, audio in hdf5",Independant,place,50,700,238,?,epoch3500?????????????????????????????????????????????????02_gear??????????????,FALSE,https://aist.box.com/s/sr6l759v2llx5rlgd7vpghyntp754g5b,2024/09/11,35000
0010,TRUE,FALSE,gear_task_washer2_len700,Put washer on shaft,Put the washer on the shaft.,"robot : ALOHA, RBG camera : 4, Depth camera : 2, 8videos grid, audio in hdf5",Independant,place,50,700,237,?,??????????????????????????01_washer???????????????????????????????????????????????????,FALSE,https://aist.box.com/s/nkjxxsu6xngng7h93u5zyhu4x0kcroay,2024/09/11,35000
0011,FALSE,FALSE,insert_usb_cable,Insert the male usb cable into the female usb cable with both arms,Insert the USB using both arms.,"robot : ALOHA, RBG camera : 4, Depth camera : 2, 8videos grid, audio in hdf5",Asymmetric Bimanual,insert,50,1000,290,pending,???,FALSE,https://aist.box.com/s/iktmnvngr2aybdcmcennrzveua9dogil,2024/09/03,50000
0012,TRUE,FALSE,insert_usb_cable_fix_parts,Insert the male usb cable into the female usb cable on vise-mounted base,Insert the USB cable into the fixed female connector.,"robot : ALOHA, RBG camera : 4, Depth camera : 2, 8videos grid, audio in hdf5",Independant,insert,50,1000,290,�,USB???????????????????????????????????????????????????????,FALSE,https://aist.box.com/s/dpfnladbfjfpzs54t1ckkikbmcj5cckg,2024/09/03,50000
0013,TRUE,FALSE,insert_usb_cable_fixed_by_robot,Insert the male usb cable into the female usb cable on amall vise-mounted base,Insert the USB cable into the female connector supported by the left arm.,"robot : ALOHA, RBG camera : 4, Depth camera : 2, 8videos grid, audio in hdf5",Asymmetric Bimanual,insert,50,1000,290,�,??????????????????????????????????????????,FALSE,https://aist.box.com/s/3e3fasz3ui8vj0cg939uuscwa3fvb3tg,2024/09/03,50000
0014,FALSE,FALSE,usb_plugin_pcbox,Search and insert usb into pcbox with right arm,Insert the USB into the PC box while searching with the right arm.,"robot : ALOHA, RBG camera : 4, Depth camera : 2, 8videos grid, audio in hdf5",Independant,insert,50,1000,322,?,???????????????????????????????????????????????????????????USB???PC???????????????,FALSE,https://aist.box.com/s/qfmuyefiax3c9uzr7w5whvudho936ijs,2024/09/02,50000
0015,TRUE,FALSE,gear_task_001_01,Put big gear on shaft,Insert the large gear onto the shaft.,"robot : ALOHA, RBG camera : 4, Depth camera : 2, 8videos grid, audio in hdf5",Independant,place,50,1000,310,?,video3?????????????????????????????????????????????????????????????????????,FALSE,https://aist.box.com/s/enlgs14chit1bav0poxx1lnzcsvr6oa1,2024/09/12,50000
0016,TRUE,FALSE,gear_task_001_02,Put medium gear on shaft,Insert the small gear onto the shaft.,"robot : ALOHA, RBG camera : 4, Depth camera : 2, 8videos grid, audio in hdf5",Independant,place,50,1000,305,�,???????????????????????????????????????????????????,FALSE,https://aist.box.com/s/qjv05ngbolumnvwkp1tnci7op5lra1pn,2024/09/12,50000
0017,TRUE,FALSE,gear_task_002_01,Put medium gear on shaft,Find the location of the shaft and insert the large gear.,"robot : ALOHA, RBG camera : 4, Depth camera : 2, 8videos grid, audio in hdf5",Independant,place,50,1000,305,?,epoch3500?video0??????????????????????????????????????????????????????????????,FALSE,https://aist.box.com/s/egpa8cd5q6m8zvzff6i41u13g4b7ngb3,2024/09/12,50000
0018,TRUE,FALSE,gear_task_002_02,Put small gear on shaft,Find the location of the shaft and insert the small gear.,"robot : ALOHA, RBG camera : 4, Depth camera : 2, 8videos grid, audio in hdf5",Independant,place,50,1000,305,�,???????????????????????????????????????????????????,FALSE,https://aist.box.com/s/e474p05gno24h0kqii4fjihtylqcx326,2024/09/13,50000
0019,TRUE,FALSE,gear_task_003_01,Put big gear on shaft,Insert the large gear onto the shaft.,"robot : ALOHA, RBG camera : 4, Depth camera : 2, 8videos grid, audio in hdf5",Independant,place,50,1000,327,?,????????????????????????????????????????????????????????????????????????????????????????????????,FALSE,https://aist.box.com/s/7nwlpomphcwq3hgdeoeju40oeu3n7jcw,2024/09/19,50000
0020,TRUE,FALSE,gear_task_003_02,Put medium gear on shaft,Insert the small gear onto the shaft.,"robot : ALOHA, RBG camera : 4, Depth camera : 2, 8videos grid, audio in hdf5",Independant,place,50,1000,327,?,epoch_best_video0????,FALSE,https://aist.box.com/s/gulj0ft4hazxplcxneuclf0qlrtdqnnh,2024/09/19,50000
0021,FALSE,FALSE,gear_task_004_01,Put medium gear on shaft,Find the location of the shaft and insert the large gear.,"robot : ALOHA, RBG camera : 4, Depth camera : 2, 8videos grid, audio in hdf5",Independant,place,50,1000,327,?,????????????????????????????????????????????????????????????????????????????????????????????????,FALSE,https://aist.box.com/s/h0zf6x9hj88oidoq7fpz8ykknzy6tx0j,2024/10/02,50000
0022,TRUE,FALSE,gear_task_004_02,Put small gear on shaft,Find the location of the shaft and insert the small gear.,"robot : ALOHA, RBG camera : 4, Depth camera : 2, 8videos grid, audio in hdf5",Independant,place,50,1000,327,?,????????????????????????????????????????????????????????????????????????????????????????????????,FALSE,https://aist.box.com/s/7ltyihh9h63htegk69r6x0wy4tunc070,2024/10/02,50000
0023,TRUE,FALSE,cable_routing_8pin_cross,Pass through eight pins alternately,Pull the eight pins alternately from the left and right sides.,"robot : ALOHA, RBG camera : 4, Depth camera : 2, 8videos grid, audio in hdf5",Independant,route,50,1000,352,?,????????2?????????????????????????????????????????,FALSE,https://aist.box.com/s/srppertbcpd56y3pu33gbxldnpagn51s,2024/09/04,50000
0024,TRUE,FALSE,cable_routing_cross_narrow,The ball passes through four closely spaced pins in an alternating fashion,Pull alternately left and right on eight closely spaced pins.,"robot : ALOHA, RBG camera : 4, Depth camera : 2, 8videos grid, audio in hdf5",Independant,route,50,1000,327,?,??????????3????????????????????????????4???????????????????,FALSE,https://aist.box.com/s/2nxnhydcylfess2k2ddic0owt6y112u9,2024/09/11,50000
0025,FALSE,FALSE,usb_mark_001,Insert usb into the port at the end of usb hub,Insert the USB into the front port of the fixed hub.,"robot : ALOHA, RBG camera : 4, Depth camera : 2, 8videos grid, audio in hdf5",Independant,insert,50,1000,327,?,????????????????????????,FALSE,https://aist.box.com/s/q2btasutfpmtt2ht3lukdbl9qypu5ljd,2024/10/03,50000
0026,FALSE,FALSE,usb_mark_002,Insert usb into the center port of usb hub,Insert the USB into the center port of the fixed hub,"robot : ALOHA, RBG camera : 4, Depth camera : 2, 8videos grid, audio in hdf5",Independant,insert,50,1000,327,?,???????????????usb_mark_001?????????????????????,FALSE,https://aist.box.com/s/q2btasutfpmtt2ht3lukdbl9qypu5ljd,2024/10/03,50000
0027,FALSE,FALSE,usb_mark_003,Insert usb into the second port from the end of usb hub,Insert the USB into the second port from the front of the fixed hub.,"robot : ALOHA, RBG camera : 4, Depth camera : 2, 8videos grid, audio in hdf5",Independant,insert,50,1000,327,?,?????????????????????????????????,FALSE,https://aist.box.com/s/mozsj4hw1cbe7u16g9drpxmkgdch9nzl,2024/10/03,50000
0028,FALSE,FALSE,cable_routing_ring_deliver,Take the USB cable and pass it through the ring in the middle,Thread the cable through the middle ring and pass it from right to left.,"robot : ALOHA, RBG camera : 4, Depth camera : 2, 8videos grid, audio in hdf5",Asymmetric Bimanual,route,200,1000,1300,?,??????????????????????????????????????????????????????,FALSE,https://aist.box.com/s/inv9x47vszx97l9qrwuscpueju4zsdhm,2024/10/03,200000
0029,FALSE,FALSE,cable_routing_ring_deliver_far,Take the USB cable and pass it through the ring on the left,Thread the cable through the left ring and pass it from right to left.,"robot : ALOHA, RBG camera : 4, Depth camera : 2, 8videos grid, audio in hdf5",Asymmetric Bimanual,route,200,1000,1200,?,???????????????????????????????????????????????????????,FALSE,https://aist.box.com/s/ajv94b0vogtgg6l8u5v2etyb5nbyqgyq,2024/10/03,200000
0030,FALSE,FALSE,cable_routing_ring_deliver_near,Take the USB cable and pass it through the ring on the right,Thread the cable through the right ring and pass it from right to left.,"robot : ALOHA, RBG camera : 4, Depth camera : 2, 8videos grid, audio in hdf5",Asymmetric Bimanual,route,200,1000,1300,?,?????????????????????????????????????????????????,FALSE,https://aist.box.com/s/7rsmzcetrsllwq3o2h6kek8wvy2vthmm,2024/10/03,200000
0031,FALSE,FALSE,insert_wooden_stake,Insert a wooden stick into a hole in a wooden board,Insert a stick into a hole in a wooden board.,"robot : ALOHA, RBG camera : 4, Depth camera : 2, 8videos grid, audio in hdf5",Asymmetric Bimanual,insert,30,1000,196,�,????????????????????????????????????????,FALSE,https://aist.box.com/s/o4xifb2d7zkwmy5ocxk3b3c8h2068m8n,2024/10/03,30000
0032,FALSE,FALSE,move_board_insert_wooden_stake,Place the wooden board in the designated position and insert the wooden stick into the hole in the board.,Position the wooden board and insert the stick into the hole.,"robot : ALOHA, RBG camera : 4, Depth camera : 2, 8videos grid, audio in hdf5",Asymmetric Bimanual,place,30,1000,196,?,????????????????????????????????????????????????????,FALSE,https://aist.box.com/s/moqckbkkoc9gawx5gc34obchd3akcjlm,2024/10/03,30000
0033,FALSE,FALSE,move_board_insert_wooden_stake_offset,Place the wooden board in the designated position and insert the wooden stick into the hole in the board.,Position the wooden board and insert the stick into the hole.,"robot : ALOHA, RBG camera : 4, Depth camera : 2, 8videos grid, audio in hdf5",Asymmetric Bimanual,place,30,1000,196,�,?????????????????????????????????????????,FALSE,https://aist.box.com/s/9w5arkhoth4egedhcsh2eh5j8edmxeh5,2024/10/03,30000
0034,FALSE,FALSE,wire_one_hole_pass,"Hold the wire, pass it through the hole and pull it from the other side.",Thread the wire through the hole and pull it to the left.,"robot : ALOHA, RBG camera : 4, Depth camera : 2, 8videos grid, audio in hdf5",Asymmetric Bimanual,route,30,1000,208,�,????????????????????????????????????????????????????????????????,FALSE,https://aist.box.com/s/ri52oz7orl48muk7a39rpufznj575t5g,2024/10/03,30000
0035,FALSE,FALSE,wire_one_hole_pass_red,"Hold the wire, pass it through the red hole and pull it from the other side.",Thread the wire through the hole marked in red and pull it to the left.,"robot : ALOHA, RBG camera : 4, Depth camera : 2, 8videos grid, audio in hdf5",Asymmetric Bimanual,route,30,1000,199,?,????????????????????????????????????????????????????????,FALSE,https://aist.box.com/s/yn0tj1yh3p45ftvybp29x6n8nmdh8hjg,2024/10/03,30000
0036,TRUE,FALSE,insert_usb_cable_board,Take the USB cable and plug it into the board.,Insert the USB into the fixed PCB.,"robot : ALOHA, RBG camera : 4, Depth camera : 2, 8videos grid, audio in hdf5",Independant,insert,50,1000,327,�,USB????????????????????????????????????????,FALSE,https://aist.box.com/s/pox26l2br65ut80hqr6eq0qyp9jvdqko,2024/10/03,50000
0037,FALSE,FALSE,put_cup_in_cupholder_001,Put cup in cupholder with both arms,"Holding the cup holder with the left arm, the right arm places the cup into the cup holder.","robot : ALOHA, RBG camera : 4, Depth camera : 2, 8videos grid, audio in hdf5",Symmetric Bimanual,place,30,1000,196,�,??????????????????????????????????????????????????,FALSE,https://aist.box.com/s/m2ojpwelbp20pa2iw6q8jqsgeelvofh6,2024/10/03,30000
0038,FALSE,FALSE,put_cup_in_cupholder_002,Put cup in cupholder with both arms separated move,Put a paper cup into the cup holder on your left arm.,"robot : ALOHA, RBG camera : 4, Depth camera : 2, 8videos grid, audio in hdf5",Unimanual,place,30,1000,196,?,?????????????????????????????????????????????????????,FALSE,https://aist.box.com/s/zgqi2jk491gaksccs3aka69srtjmjtxq,2024/10/30,30000
0039,FALSE,FALSE,put_cup_in_cupholder_003,Put cup in cupholder with both arms change the position,Put the paper cup into the moved cup holder.,"robot : ALOHA, RBG camera : 4, Depth camera : 2, 8videos grid, audio in hdf5",Unimanual,place,30,1000,196,�,????????????????????????????????????,FALSE,https://aist.box.com/s/bkon65qn0624pj0fj0sbfa09gbjnddvx,2024/10/30,30000
0040,FALSE,FALSE,put_cup_in_cupholder_004,Put cup in cupholder with both arms change the position,Put the paper cup into the moved red handle cup holder.,"robot : ALOHA, RBG camera : 4, Depth camera : 2, 8videos grid, audio in hdf5",Unimanual,place,100,1000,640,?,?????100?????????????????????????????????????????,FALSE,???? https://aist.box.com/s/g0b2bo3biw9wwncqdah3wssh3y56h34r,2024/10/30,100000
0041,FALSE,FALSE,put_tape_in_basket,Grab the tape and put it in the basket,Put the tape into the white basket.,"robot : ALOHA, RBG camera : 4, Depth camera : 2, 8videos grid, audio in hdf5",Unimanual,put,30,1000,198,?,???????????????????????????????????????????????????????????????????????????????????????????????????,FALSE,https://aist.box.com/s/8hq21op2uudvucu10wf1zzdyizxjdq1k,2024/10/09,30000
0042,FALSE,FALSE,put_center_tape_in_basket,Grab the tape in the middle and put it in the basket.,Put the tape in the middle into the white basket.,"robot : ALOHA, RBG camera : 4, Depth camera : 2, 8videos grid, audio in hdf5",Unimanual,put,30,1000,214,?,?????????????????????????????????????????????????????????????????????????????,FALSE,https://aist.box.com/s/ftfq84rbjf6lehdtb2gr7tliedxe2q13,2024/10/10,30000
0043,FALSE,FALSE,wire_one_hole_pass_red_3cm_left,"Hold the wire and insert it into the hole 3cm to the left, then pull it from the other side.",Thread the wire through the hole on the left side and pull it with the left arm.,"robot : ALOHA, RBG camera : 4, Depth camera : 2, 8videos grid, audio in hdf5",Asymmetric Bimanual,route,30,1000,197,?,???????????????????????????????????????????????????????????????????????????,FALSE,https://aist.box.com/s/y1944jvu9gga94wpx3vgha5sln2yewy1,2024/10/04,30000
0044,FALSE,FALSE,wire_one_hole_pass_red_3cm_right,"Hold the wire and insert it into the hole 3cm to the right, then pull it from the other side.",Thread the wire through the hole on the right side and pull it with the left arm.,"robot : ALOHA, RBG camera : 4, Depth camera : 2, 8videos grid, audio in hdf5",Asymmetric Bimanual,route,30,1000,197,?,???????????????????????????????????????????????????????????????,FALSE,https://aist.box.com/s/drhcf305girtmrom427a9nou9lnps2qc,2024/10/07,30000
0045,FALSE,FALSE,wire_one_hole_pass_red_retake,"Hold the wire, insert it into the hole, and pull it from the other side (retake)",Thread the wire through the hole marked in red and pull it to the left. (retake),"robot : ALOHA, RBG camera : 4, Depth camera : 2, 8videos grid, audio in hdf5",Asymmetric Bimanual,route,30,1000,197,?,???????????????????wire_one_hole_pass_red_3cm_left??????????????????????????????????,FALSE,https://aist.box.com/s/v5q07t7y052dua9l76ip6avl99y8o02f,2024/10/08,30000
0046,TRUE,FALSE,color_tape_grab_and_insert,Use the left and right arms to grab the tape and place it in the basket,Put the tape alternately from left to right into the white case.,"robot : ALOHA, RBG camera : 4, Depth camera : 2, 8videos grid, audio in hdf5",Unimanual,put,100,3000,1900,?,??????????????????????????????????????????????????????,FALSE,https://aist.box.com/s/k5k1t0g5ka4gc1scwl1ohcavqkx79v11,2024/10/15,300000
0047,TRUE,FALSE,color_tape_grab_and_insert_left_hand,Use the right arm to grab the tape and place it in the basket.,Put the tape into the white case with the left arm.,"robot : ALOHA, RBG camera : 4, Depth camera : 2, 8videos grid, audio in hdf5",Independant,put,50,3000,946,?,????????????????????????????????????????????????????????????,FALSE,https://aist.box.com/s/zdhnz38eniqhytlxzle8omop6z9cqx81,2024/10/18,150000
0048,TRUE,FALSE,color_tape_grab_and_insert_right_hand,Use the left arm to grab the tape and place it in the basket.,Put the tape into the white case with the right arm.,"robot : ALOHA, RBG camera : 4, Depth camera : 2, 8videos grid, audio in hdf5",Independant,put,50,3000,947,?,????????????????????left_hand????????????????????????????????????????,FALSE,https://aist.box.com/s/42344un8753fhqgvvfv5skoub7imu9je,2024/10/22,150000
0049,TRUE,FALSE,goods_grab_and_insert,Use the left and right arms to grab the item and put it in the basket.,Put the products in the white case alternately on the left and right.,"robot : ALOHA, RBG camera : 4, Depth camera : 2, 8videos grid, audio in hdf5",Unimanual,put,50,3000,921,?,?????????????????????????????????????????????????????????????,FALSE,https://aist.box.com/s/8yrd2jcxlpyp4uxl2x7y9zt1yu4uamon,2024/10/23,150000
0050,TRUE,FALSE,goods_grab_and_insert_left_hand,Use the left arm to grab the item and place it in the basket,Put the product into the white case with the left arm.,"robot : ALOHA, RBG camera : 4, Depth camera : 2, 8videos grid, audio in hdf5",Independant,put,50,3000,980,?,???????????????????????????????????????????????????????????????????????????????????????????????????????????????????????,FALSE,https://aist.box.com/s/td5i6tgcqj0sdz6mvi02qts8a2mff1a3,2024/10/25,150000
0051,TRUE,FALSE,goods_grab_and_insert_right_hand,Use the right arm to grab the item and place it in the basket,Put the product into the white case with the right arm.,"robot : ALOHA, RBG camera : 4, Depth camera : 2, 8videos grid, audio in hdf5",Independant,put,50,3000,951,?,??????????????????????????????????????????????????????????????????????????????????????????,FALSE,https://aist.box.com/s/y9maghpnb5m87uv7vefavb5rslmvlprg,2024/10/29,150000
0052,TRUE,FALSE,insert_washer_into_the_shaft_001,insert washer into the shaft with both arms,Insert the washer onto the shaft with both hands.,"robot : ALOHA, RBG camera : 4, Depth camera : 2, 8videos grid, audio in hdf5",Independant,insert,30,1000,196,?,?????????,FALSE,https://aist.box.com/s/6n2nn7mq6ab7a7pr0qu9ywvljdcdq7yp,2024/10/30,30000
0053,TRUE,FALSE,insert_washer_into_the_shaft_002,insert washer into the shaft with both arms change the position,Insert the washer onto the shaft with both hands.,"robot : ALOHA, RBG camera : 4, Depth camera : 2, 8videos grid, audio in hdf5",Independant,insert,100,1000,636,?,????????????????????????????????????????,FALSE,https://aist.box.com/s/r5ouu9mn7vzp92jx8k2abj13314bl118,2024/10/30,100000
0054,TRUE,FALSE,insert_usb_into_the_three_rings_002,insert usb into the three rings change the position,Thread the cable through the three holes.,"robot : ALOHA, RBG camera : 4, Depth camera : 2, 8videos grid, audio in hdf5",Independant,insert,50,2000,636,�,?????30??50?????????????????????????????????????????????????,FALSE,https://aist.box.com/s/ayydqdsdgyrwl9c6gaej4m9vlv13obi6,2024/10/30,100000
0055,TRUE,FALSE,silver_pouch_001,Stand the silver pouch,Stand the silver pouch upright.,"robot : ALOHA, RBG camera : 4, Depth camera : 2, 8videos grid, audio in hdf5",Asymmetric Bimanual,hand-over,30,1000,196,?,????????????????????????????????,FALSE,???? https://aist.box.com/s/g0b2bo3biw9wwncqdah3wssh3y56h34r,2024/10/30,30000
0056,TRUE,FALSE,silver_pouch_002,Stand the silver pouch change the position,Stand the silver pouch upright.,"robot : ALOHA, RBG camera : 4, Depth camera : 2, 8videos grid, audio in hdf5",Asymmetric Bimanual,hand-over,30,1000,196,?,???????????????????????????26cm???????????????,FALSE,???? https://aist.box.com/s/g0b2bo3biw9wwncqdah3wssh3y56h34r,2024/10/30,30000
0057,FALSE,FALSE,silver_pouch_003,Stand the silver pouch front right position,Stand the silver pouch upright.,"robot : ALOHA, RBG camera : 4, Depth camera : 2, 8videos grid, audio in hdf5",Asymmetric Bimanual,hand-over,4,1000,29,�,??????????????????????????????epoch1000?????????????????,FALSE,???? https://aist.box.com/s/g0b2bo3biw9wwncqdah3wssh3y56h34r,2024/10/30,4000
0058,TRUE,FALSE,silver_pouch_004,Stand the silver pouch six positions 2cm intervals,Stand the silver pouch upright.,"robot : ALOHA, RBG camera : 4, Depth camera : 2, 8videos grid, audio in hdf5",Asymmetric Bimanual,hand-over,30,1000,196,?,2cm???6???5???????????????????????6????2???????????????,FALSE,???? https://aist.box.com/s/g0b2bo3biw9wwncqdah3wssh3y56h34r,2024/10/30,30000
0059,TRUE,FALSE,clear_zipper_bag_001,Stand the clear_zipper_bag,Stand the transparent bag upright.,"robot : ALOHA, RBG camera : 4, Depth camera : 2, 8videos grid, audio in hdf5",Asymmetric Bimanual,hand-over,30,1000,196,?,?????????????silver_pouch_001???????????????????????????????????,FALSE,https://aist.box.com/s/c26l01s3pi8axaltt59nwnu589ly1dkg,2024/10/30,30000
0060,TRUE,FALSE,clear_zipper_bag_reel_001,Remove the reel from the clear zipper bag,Take out the reel from the transparent bag.,"robot : ALOHA, RBG camera : 4, Depth camera : 2, 8videos grid, audio in hdf5",Asymmetric Bimanual,pick,30,1000,196,?,???????????????????????????????????,FALSE,https://aist.box.com/s/q0349712xk7fv2d364goysb0dw6jc5l7,2024/10/30,30000
0061,TRUE,FALSE,clear_zipper_bag_reel_002,Remove the reel from the clear zipper bag six positions 2cm intervals,Take out the reel from the transparent bag.,"robot : ALOHA, RBG camera : 4, Depth camera : 2, 8videos grid, audio in hdf5",Asymmetric Bimanual,pick,30,1000,196,?,?????????????2cm?????????????????????????????,FALSE,https://aist.box.com/s/k2d6zft5rvi3g404d2ixtherxtbrf614,2024/10/30,30000
0062,TRUE,FALSE,receive_goods_and_add_to_basket,"The left arm grabs the product and passes it to the right arm, which then places it in a white basket.",Pass the goods from the left arm to the right arm and place them in the white case.,"robot : ALOHA, RBG camera : 4, Depth camera : 2, 8videos grid, audio in hdf5",Asymmetric Bimanual,put,100,3000,1800,?,??????????????????????????????????????????????????????????????????????????,FALSE,,2024/11/04,300000
0063,FALSE,FALSE,receive_another_goods_and_add_to_basket,"The left arm grabs a different product than 63 and passes it to the right arm, which then places it in the white basket.",Pass the goods from the left arm to the right arm and place them in the white case.,"robot : ALOHA, RBG camera : 4, Depth camera : 2, 8videos grid, audio in hdf5",Asymmetric Bimanual,put,50,3000,938,?,?????????????????????????????????????????????????????????????????,FALSE,,2024/11/07,150000
0064,TRUE,FALSE,receive_goods_and_add_to_basket_in_center,"The left arm grabs the product and passes it to the right arm, which then places it in the white basket in the middle.",Pass the goods from the left arm to the right arm and place them in the white case in the middle.,"robot : ALOHA, RBG camera : 4, Depth camera : 2, 8videos grid, audio in hdf5",Asymmetric Bimanual,put,50,3000,938,?,???????????????????????????????????????????????????????????,FALSE,,2024/11/08,150000
0065,FALSE,FALSE,peel_off_magic_tape,Hold the Velcro and peel it off with your right arm,Peel off the Velcro with your right arm.,"robot : ALOHA, RBG camera : 4, Depth camera : 2, 8videos grid, audio in hdf5",Asymmetric Bimanual,peel,50,1000,330,?,?????????????,TRUE,,2024/11/18,50000
0066,TRUE,FALSE,remove_the_tape,Hold the duct tape and peel it off with your right arm,Peel off the duct tape with your right arm.,"robot : ALOHA, RBG camera : 4, Depth camera : 2, 8videos grid, audio in hdf5",Asymmetric Bimanual,peel,50,1000,308,?,?????????????,TRUE,,2024/11/19,50000
0067,FALSE,FALSE,sliding_the_gears,Slide the gear across the wooden table,Slide the gear with the right arm,"robot : ALOHA, RBG camera : 4, Depth camera : 2, 8videos grid, audio in hdf5",Asymmetric Bimanual,slide,50,1000,308,?,?????????????,TRUE,,2024/11/19,50000
0068,FALSE,FALSE,insert_gear_onto_shaft_sliding,Hold the gear and slide it onto the shaft before inserting it,Find the location of the shaft and insert the gear.,"robot : ALOHA, RBG camera : 4, Depth camera : 2, 8videos grid, audio in hdf5",Unimanual,insert,50,1000,308,?,?????????????,TRUE,,2024/11/21,50000
0069,FALSE,FALSE,tape_fixed_in_place,Grab the tape that is now in place and place it in the basket,Put the tape in the white case in the correct position.,"robot : ALOHA, RBG camera : 4, Depth camera : 2, 8videos grid, audio in hdf5",Independant,pick,30,1000,215,?,???????????3???????????????????????????????????????????????????????,TRUE,,2024/11/25,30000
0070,FALSE,FALSE,tape_placed_in_random_places,Grab randomly placed tapes and place them in a basket,Put the randomly placed tapes into the white case.,"robot : ALOHA, RBG camera : 4, Depth camera : 2, 8videos grid, audio in hdf5",Independant,pick,30,1000,197,?,3??????????????????????????????????????????????????????????,TRUE,,2024/11/25,30000
0071,TRUE,FALSE,tape_placed_in_random_places_long,Grab randomly placed tapes and place them in a basket,Put the randomly placed tapes into the white case with both hands.,"robot : ALOHA, RBG camera : 4, Depth camera : 2, 8videos grid, audio in hdf5",Unimanual,pick,100,3000,1900,?,??????????????????????????????????????????????????,TRUE,,2024/11/27,300000
0072,TRUE,FALSE,insert_usb_into_the_three_rings_003,Insert usb into the three rings,Thread the cable through the three holes.,"robot : ALOHA, RBG camera : 4, Depth camera : 2, 8videos grid, audio in hdf5",Asymmetric Bimanual,insert,50,2000,629,?,???USB???????????????????????USB?????????????1???????????????,FALSE,https://aist.box.com/s/hw25vsyqmny4mslkouut0x62dge1h0gk,2024/11/10,100000
0073,TRUE,FALSE,lift_the_object_with_both_hands_001,Lift the wooden board horizontally with both hands,Lift a wooden board with both hands.,"robot : ALOHA, RBG camera : 4, Depth camera : 2, 8videos grid, audio in hdf5",Symmetric Bimanual,lift,50,1000,258,?,?????????????????????????????????????????????????????????????????????,FALSE,https://aist.box.com/s/mxzfq1ms41h9ls7buaqv8atioox2lsen,2024/11/11,50000
0074,TRUE,FALSE,lift_the_object_with_both_hands_002,Lift the metal board horizontally with both hands,Lift the metal rail with both hands.,"robot : ALOHA, RBG camera : 4, Depth camera : 2, 8videos grid, audio in hdf5",Symmetric Bimanual,lift,50,800,258,?,len800.?????????????????????????????????????,FALSE,https://aist.box.com/s/56msbyqccdug90zdhj5hgymlrq7xy2oa,2024/11/12,40000
0075,TRUE,FALSE,lift_the_object_with_both_hands_003,Lift the big metal board horizontally with both hands,Lift the metal rail with both hands.,"robot : ALOHA, RBG camera : 4, Depth camera : 2, 8videos grid, audio in hdf5",Symmetric Bimanual,lift,50,800,258,?,len800.?????????(??????????)????????????????????????????,FALSE,https://aist.box.com/s/xvkgw0udfov7yy1fp3ytfxtc2imsnfuz,2024/11/14,40000
0076,TRUE,FALSE,lift_the_object_with_both_hands_004,Lift the plastic tray horizontally with both hands,Lifting a white case with both hands.,"robot : ALOHA, RBG camera : 4, Depth camera : 2, 8videos grid, audio in hdf5",Symmetric Bimanual,lift,50,800,258,?,len800.?????????????????????????????????????,FALSE,https://aist.box.com/s/z09yni3y1ow7acfcgguaxh02m20i0o46,2024/11/21,40000
0077,FALSE,FALSE,lift_the_object_with_both_hands_005_01,Lift the plastic basket horizontally with both hands,Lifting a white basket with both hands.,"robot : ALOHA, RBG camera : 4, Depth camera : 2, 8videos grid, audio in hdf5",Symmetric Bimanual,lift,50,800,258,?,len800.??????????????????????????????????????????????????????,FALSE,https://aist.box.com/s/wko48c02d4m357hd9hu753c5in6rhha2,2024/11/11,40000
0078,FALSE,FALSE,lift_the_object_with_both_hands_005_02,Lift the plastic basket horizontally with both hands,Lifting a white basket with both hands.,"robot : ALOHA, RBG camera : 4, Depth camera : 2, 8videos grid, audio in hdf5",Symmetric Bimanual,lift,50,600,196,?,len600.???????????????????(?????????)?????????,FALSE,https://aist.box.com/s/7skrdelatrp5w2xm53ncbsifp7k8epvl,2024/11/21,30000
0079,FALSE,FALSE,lift_the_object_with_both_hands_006,Lift the plastic basket horizontally at a low height and place it in another location,Lift the metal rail with both hands and move it towards you.,"robot : ALOHA, RBG camera : 4, Depth camera : 2, 8videos grid, audio in hdf5",Symmetric Bimanual,lift,48,800,248,?,len800.???????????????????????????3cm???6??????????????????????????,FALSE,https://aist.box.com/s/z8162obg28yrdyeherktzs32qmlmmb0i,2024/11/14,38400
0080,FALSE,FALSE,lift_the_object_with_both_hands_007,"Lift the metal base with rails horizontally with both hands at 0, 10, and 20 degrees to the left and right",Lift the metal rail with both hands.,"robot : ALOHA, RBG camera : 4, Depth camera : 2, 8videos grid, audio in hdf5",Symmetric Bimanual,lift,50,800,258,?,len800.??????????????????????????????????10???20??5?????????????????????????,FALSE,https://aist.box.com/s/0i41y0sopp7l5ueqh5gsxgmk8ndgz7c7,2024/11/21,40000
0081,FALSE,TRUE,insert_lan_cable_into_the_hub,Insert the LAN cable held by the right arm into the hub held by the left arm,Insert the LAN cable into the hub.,"robot : ALOHA, RBG camera : 4, Depth camera : 2, 8videos grid, audio in hdf5",Asymmetric Bimanual,insert,100,500,308,,???????????????????LAN?????????????,TRUE,,2025/01/16,50000
0082,TRUE,FALSE,pick_items_out_of_the_box_001,Pick items out of the box in the plastic case with right arm,Pick an item from the plastic case.,"robot : ALOHA, RBG camera : 4, Depth camera : 2, 8videos grid, audio in hdf5",Independant,pick,50,500,176,?,len500.10?????????????????????????????????????????????????2????????,TRUE,https://aist.box.com/s/rj501wnbrvhed7gu3zfa5862i6huq06y,2024/11/29,25000
0083,TRUE,FALSE,pick_items_out_of_the_box_002,Pick items out of the box in the plastic case with right arm,Pick an item from the Cardboard Box.,"robot : ALOHA, RBG camera : 4, Depth camera : 2, 8videos grid, audio in hdf5",Independant,pick,54,600,211,?,len600.9???????????????????????????????????????????????????????????????????????????,TRUE,https://aist.box.com/s/cbhwhdlesqzffa8jprrhnn6tegkzqitz,2024/11/29,32400
0084,TRUE,FALSE,pick_items_out_of_the_box_003,Pick items out of the box in the cardboard box with right arm,Pick an item from the Cardboard Box.,"robot : ALOHA, RBG camera : 4, Depth camera : 2, 8videos grid, audio in hdf5",Independant,pick,54,800,278,?,len800.6????????????????????????????????????????????,TRUE,https://aist.box.com/s/dukfqkdoty9fms7z5o3ng5aw6vb07vkv,2024/11/29,43200
0085,TRUE,FALSE,pick_items_out_of_the_box_004,Pick items out of the box in the cardboard box with right arm random position,Pick up a random item from the box.,"robot : ALOHA, RBG camera : 4, Depth camera : 2, 8videos grid, audio in hdf5",Independant,pick,30,500,103,?,len500.6???(??????)?????????????????????????????????????????,TRUE,https://aist.box.com/s/ux4a7el7lw8hcj8i1bd2t2y8r0h38iwg,2024/11/29,15000
0086,TRUE,FALSE,pick_items_out_of_the_box_005,Pick items out of the box in the cardboard box with right mix data,Pick up a random item from the box.,"robot : ALOHA, RBG camera : 4, Depth camera : 2, 8videos grid, audio in hdf5",Independant,pick,30,800,154,?,len800.??????????????????0~53?hdf5?Pick_items_out_of_the_box_003??????????????????????????????,TRUE,https://aist.box.com/s/z1vl88x41bwkzkorps4vyh475mhjq9jm,2024/11/29,24000
0087,TRUE,FALSE,display_boxes_on_shelves_001,Display boxes on shelves with right arm,Put the item on the shelf.,"robot : ALOHA, RBG camera : 4, Depth camera : 2, 8videos grid, audio in hdf5",Independant,put,52,800,267,?,len800.??????????????????????????????????????????????????,TRUE,https://aist.box.com/s/b03m4zbbcvtfnclj6zpw09c3nqihn7an,2024/11/29,41600
0088,TRUE,FALSE,display_boxes_on_shelves_002,Display boxes on shelves with both arms,Put the item on the shelf.,"robot : ALOHA, RBG camera : 4, Depth camera : 2, 8videos grid, audio in hdf5",Independant,put,52,700,235,?,len700.?????????????????????????????????????????????,TRUE,https://aist.box.com/s/l43lkzgnvioliqzal2igaiq9vf1gk7wd,2024/11/29,36400
0089,TRUE,FALSE,display_PET_bottles_on_shelves_001,Display PET bottles on shelves with right arm,Put the plastic bottles on the shelf.,"robot : ALOHA, RBG camera : 4, Depth camera : 2, 8videos grid, audio in hdf5",Independant,put,51,700,253,?,len700.???????????????3??1???????????????????????,TRUE,,2024/12/03,35700
0090,TRUE,FALSE,display_PET_bottles_on_shelves_002,Display PET bottles on shelves with right arm,Put the plastic bottles on the shelf using both your left and right arms.,"robot : ALOHA, RBG camera : 4, Depth camera : 2, 8videos grid, audio in hdf5",Unimanual,put,50,2600,812,?,len2600.????????????????????????????????????????????????????????????????,TRUE,,2024/12/03,130000
0091,TRUE,FALSE,display_cans_on_shelves_001,Display cans on shelves with both arms,Put the can on the shelf with both arms.,"robot : ALOHA, RBG camera : 4, Depth camera : 2, 8videos grid, audio in hdf5",Unimanual,put,50,2600,812,?,len2600.???????????????????????????????????????????????????,TRUE,,2024/12/04,130000
0092,FALSE,FALSE,display_cans_on_shelves_002,Display cans on shelves with both arms,Put the can on the shelf with both arms.,"robot : ALOHA, RBG camera : 4, Depth camera : 2, 8videos grid, audio in hdf5",Unimanual,put,50,2600,812,?,len2600.?????????????????????????????????????????????????????????,TRUE,,2024/12/05,130000
0093,TRUE,FALSE,display_cans_on_shelves_003,Display cans on shelves with right arm,Put the can on the shelf with the left arm.,"robot : ALOHA, RBG camera : 4, Depth camera : 2, 8videos grid, audio in hdf5",Independant,put,50,2000,627,?,len2000.?????(?????)???????4?2?????????????????????????????????????????,TRUE,,2024/12/06,100000
0094,TRUE,FALSE,display_cans_on_shelves_004,Display cans on shelves with left arm,Put the can on the shelf with the right arm.,"robot : ALOHA, RBG camera : 4, Depth camera : 2, 8videos grid, audio in hdf5",Independant,put,50,2000,627,?,len2000.?????(?????)???????4?2???????????????????????????????????????,TRUE,,2024/12/09,100000
0095,FALSE,FALSE,block_delivery,Grab the blue block with the left arm and pass it to the right arm and place it there.,Pass the blue block from the left arm to the right arm.,"robot : ALOHA, RBG camera : 4, Depth camera : 2, 8videos grid, audio in hdf5",Asymmetric Bimanual,hand-over,200,1500,1800,?,resnet18????????????????????????????????????????????????????????????????????,TRUE,,2024/12/09,300000
0096,FALSE,FALSE,take_the_lid,Use the left and right arms to open the lid.,Clamp the case lid with both hands and lift it up.,"robot : ALOHA, RBG camera : 4, Depth camera : 2, 8videos grid, audio in hdf5",Symmetric Bimanual,flap-out,50,1000,320,?,??????????????????????????????????????????????????????????????????,TRUE,,2024/12/03,50000
0097,FALSE,FALSE,remove_box_from_case,Use the left and right arms to remove the box from the case.,Take out the box from the case.,"robot : ALOHA, RBG camera : 4, Depth camera : 2, 8videos grid, audio in hdf5",Unimanual,pick,50,3000,936,?,???????????????????????????????????????????????????????????????,TRUE,,2024/12/06,150000
0098,TRUE,FALSE,remove_box_from_case_both_hands,Use the left and right arms to simultaneously remove two boxes from the case.,Take the box out of the case with both arms.,"robot : ALOHA, RBG camera : 4, Depth camera : 2, 8videos grid, audio in hdf5",Symmetric Bimanual,pick,50,1500,474,?,??????????????????????????????????????????????????????????????,TRUE,,2024/12/11,75000
0099,FALSE,FALSE,remove_box_from_case_left,Use the right arm to remove the box from the case.,Take the box out of the case with the left arm.,"robot : ALOHA, RBG camera : 4, Depth camera : 2, 8videos grid, audio in hdf5",Independant,pick,50,3000,948,?,????????????2??????????????????????????????????????????????,TRUE,,2024/12/09,150000
0100,FALSE,FALSE,remove_box_from_case_right,Use the left arm to remove the box from the case.,Take the box out of the case with the right arm.,"robot : ALOHA, RBG camera : 4, Depth camera : 2, 8videos grid, audio in hdf5",Independant,pick,50,3000,948,?,????????????2??????????????????????????????????????????????,TRUE,,2024/12/10,150000
0101,FALSE,FALSE,lift_by_gripping_from_both_sides_001,Lift the box by gripping it from both sides,Clamp the cardboard box between your arms and lift it up.,"robot : ALOHA, RBG camera : 4, Depth camera : 2, 8videos grid, audio in hdf5",Symmetric Bimanual,lift,50,500,164,?,??????????????????????????????????????????,TRUE,,2024/12/10,25000
0102,FALSE,FALSE,lift_by_gripping_from_both_sides_002,Lift the tissue box by gripping it from both sides,Clamp the tissue box between your arms and lift it up.,"robot : ALOHA, RBG camera : 4, Depth camera : 2, 8videos grid, audio in hdf5",Symmetric Bimanual,lift,50,500,164,?,??????????????????????????????????????????????????,TRUE,,2024/12/10,25000
0103,FALSE,FALSE,lift_by_gripping_from_both_sides_003,Lift the bath towel by gripping it from both sides,Clamp the towel between your arms and lift it up.,"robot : ALOHA, RBG camera : 4, Depth camera : 2, 8videos grid, audio in hdf5",Symmetric Bimanual,lift,50,500,164,?,??????????????????????????????????????????????,TRUE,,2024/12/10,25000
0104,FALSE,FALSE,pick_the_bisco_out_of_the_box,Pick the bisco out of the_box,Take an item out of the box.,"robot : ALOHA, RBG camera : 4, Depth camera : 2, 8videos grid, audio in hdf5",Independant,pick,104,500,332,?,???????????????????(?)????????????????????????????????????????,TRUE,,2024/12/11,52000
0105,FALSE,FALSE,place_the_bisco_into_the_box,Place the bisco into the box,Put the items back in the box.,"robot : ALOHA, RBG camera : 4, Depth camera : 2, 8videos grid, audio in hdf5",Independant,pick,104,500,332,?,??????????????(?)???????????????????????????????????????????,TRUE,,2024/12/11,52000
0106,FALSE,FALSE,lift_with_both_arms_and_display_on_the_shelf_001,Lift the box with both arms from the sides and place it on a shelf,Clamp the cardboard box and place it on the stand.,"robot : ALOHA, RBG camera : 4, Depth camera : 2, 8videos grid, audio in hdf5",Symmetric Bimanual,lift,50,500,165,?,??????????????????????????????????????????,TRUE,,2024/12/12,25000
0107,FALSE,FALSE,lift_with_both_arms_and_display_on_the_shelf_002,Lift the tissue box with both arms from the sides and place it on a shelf,Clamp the tissue box and place it on the stand.,"robot : ALOHA, RBG camera : 4, Depth camera : 2, 8videos grid, audio in hdf5",Symmetric Bimanual,lift,50,500,165,?,??????????????????????????????????????????????????,TRUE,,2024/12/12,25000
0108,FALSE,FALSE,lift_with_both_arms_and_display_on_the_shelf_003,Lift the bath towel with both arms from the sides and place it on a shelf,Clamp the towel and place it on the stand.,"robot : ALOHA, RBG camera : 4, Depth camera : 2, 8videos grid, audio in hdf5",Symmetric Bimanual,lift,50,500,165,?,??????????????????????????????????????????????,TRUE,,2024/12/12,25000
0109,FALSE,FALSE,attach_rubber_to_shaft,Grab the rubber with the right arm and hook it onto the front axis and then onto the back axis.,Hook the rubber onto the shaft.,"robot : ALOHA, RBG camera : 4, Depth camera : 2, 8videos grid, audio in hdf5",Independant,route,50,1500,,?,?????????????????????????????????????????????????????????????????????????,TRUE,,2024/12/12,75000
0110,FALSE,FALSE,insert_shaft_into_gear,Grab the shaft with the right arm and put it into gear.,Insert the gear onto the shaft.,"robot : ALOHA, RBG camera : 4, Depth camera : 2, 8videos grid, audio in hdf5",Independant,insert,50,500,443,?,????????????????????????????????????????,TRUE,,2024/12/13,25000
0111,FALSE,FALSE,find_hole_and_insert_into_gear,Grab the shaft with the right arm and find the gear hole before inserting it.,Find the shaft and insert the gear.,"robot : ALOHA, RBG camera : 4, Depth camera : 2, 8videos grid, audio in hdf5",Independant,insert,100,500,443,?,??????????????????????????????????????????????????????????????,TRUE,,2024/12/16,50000
0112,FALSE,FALSE,pick_the_candy_out_of_the_box,Pick the candy out of the_box,Take a candy out of the box.,"robot : ALOHA, RBG camera : 4, Depth camera : 2, 8videos grid, audio in hdf5",Independant,pick,100,500,319,?,?????????????????????????(?)?????????????????????????????????????????????????????????,TRUE,,2024/12/17,50000
0113,FALSE,FALSE,place_the_candy_into_the_box,Place the candy into the box,Put the candy back in the box.,"robot : ALOHA, RBG camera : 4, Depth camera : 2, 8videos grid, audio in hdf5",Independant,place,100,500,319,?,????????????????????(?)???????????????????????????????????????????????,TRUE,,2024/12/17,50000
0114,FALSE,FALSE,pick_the_calpas_out_of_the_box,Pick the calpas out of the_box,Take a calpas out of the box.,"robot : ALOHA, RBG camera : 4, Depth camera : 2, 8videos grid, audio in hdf5",Independant,pick,100,500,319,?,???????????????????????(?)?????????????????????????????????????????????????????????????????????,TRUE,,2024/12/18,50000
0115,FALSE,FALSE,place_the_calpas_into_the_box,Place the calpas into the box,Put the calpas back in the box.,"robot : ALOHA, RBG camera : 4, Depth camera : 2, 8videos grid, audio in hdf5",Independant,place,100,500,319,?,??????????????????(?)???????????????????????????????????????????,TRUE,,2024/12/18,50000
0116,FALSE,FALSE,pick_the_gum_out_of_the_box,Pick the gum out of the_box,Take a gum out of the box.,"robot : ALOHA, RBG camera : 4, Depth camera : 2, 8videos grid, audio in hdf5",Independant,pick,50,500,165,?,??????????????????(?)?????????????????????????????????,TRUE,,2024/12/19,25000
0117,FALSE,FALSE,place_the_gum_into_the_box,Place the gum into the box,Put the gum back in the box.,"robot : ALOHA, RBG camera : 4, Depth camera : 2, 8videos grid, audio in hdf5",Independant,place,50,500,165,?,?????????????(?)????????????????????????????????????,TRUE,,2024/12/19,25000
0118,FALSE,FALSE,pick_the_soyjoy_out_of_the_box,Pick the soyjoy out of the_box,Take a soyjoy out of the box.,"robot : ALOHA, RBG camera : 4, Depth camera : 2, 8videos grid, audio in hdf5",Independant,pick,51,500,168,?,?????SOYJOY???????????(?)????????????????????????????????????2???3????????????????????????,TRUE,,2024/12/19,25500
0119,FALSE,FALSE,place_the_soyjoy_into_the_box,Place the soyjoy into the box,Put the soyjoy back in the box.,"robot : ALOHA, RBG camera : 4, Depth camera : 2, 8videos grid, audio in hdf5",Independant,place,51,500,168,?,?????SOYJOY??????(?)?????????????????????????????????,TRUE,,2024/12/20,25500
0120,FALSE,FALSE,pick_the_big_thunder_out_of_the_box,Pick the big thunder out of the_box,Take a big thunder out of the box.,"robot : ALOHA, RBG camera : 4, Depth camera : 2, 8videos grid, audio in hdf5",Independant,pick,51,500,168,?,???????????????????????(?)?????????????????????1???2????????????????????????????????????,TRUE,,2024/12/20,25500
0121,FALSE,FALSE,place_the_big_thunder_into_the_box,Place the big thunder into the box,Put the big thunder back in the box.,"robot : ALOHA, RBG camera : 4, Depth camera : 2, 8videos grid, audio in hdf5",Independant,place,51,500,168,?,??????????????????(?)????????????????????????1???2????????????????????????????????????,TRUE,,2024/12/20,25500
0122,FALSE,FALSE,pick_the_D_battery_out_of_the_box,Pick the D battery out of the_box,Take a D battery out of the box.,"robot : ALOHA, RBG camera : 4, Depth camera : 2, 8videos grid, audio in hdf5",Independant,pick,51,500,168,?,????????????????????(?)???????????????1???????????????????????????????????????????????,TRUE,,2024/12/23,25500
0123,FALSE,FALSE,place_the_D_battery_into_the_box,Place the D battery into the box,Put the D battery back in the box.,"robot : ALOHA, RBG camera : 4, Depth camera : 2, 8videos grid, audio in hdf5",Independant,place,51,500,168,?,???????????????(?)???????????????????????????????,TRUE,,2024/12/23,25500
0124,FALSE,FALSE,put_ionwater_on_the_shelf,Put ionwater on the shelf,Put the ionized water on the shelf.,"robot : ALOHA, RBG camera : 4, Depth camera : 2, 8videos grid, audio in hdf5",Independant,put,100,250,154,,?????????????????????,TRUE,,2024/12/25,25000
0125,FALSE,FALSE,put_toropicana_on_the_shelf,Put toropicana on the shelf,Put the toropicana on the shelf.,"robot : ALOHA, RBG camera : 4, Depth camera : 2, 8videos grid, audio in hdf5",Independant,put,100,250,154,,???????????????????,TRUE,,2024/12/25,25000
0126,FALSE,FALSE,put_healthia_on_the_shelf,Put healthia on the shelf,Put the Helathyia on the shelf.,"robot : ALOHA, RBG camera : 4, Depth camera : 2, 8videos grid, audio in hdf5",Independant,put,100,250,154,,???????????????????,TRUE,,2024/12/25,25000
0127,FALSE,FALSE,put_irophasu_on_the_shelf,Put irphasu on the shelf,Put the Irohasu on the shelf.,"robot : ALOHA, RBG camera : 4, Depth camera : 2, 8videos grid, audio in hdf5",Independant,put,100,250,154,,?????????????????,TRUE,,2024/12/25,25000
0128,FALSE,FALSE,put_cocacola_on_the_shelf,Put cocacola on the shelf,Put the Coca-Cola on the shelf.,"robot : ALOHA, RBG camera : 4, Depth camera : 2, 8videos grid, audio in hdf5",Independant,put,50,250,77,,???????????????????,TRUE,,2024/12/25,12500
0129,FALSE,FALSE,put_monster_on_the_shelf,Put monster on the shelf,Put the Monster on the shelf.,"robot : ALOHA, RBG camera : 4, Depth camera : 2, 8videos grid, audio in hdf5",Independant,put,50,250,77,,??????????????????????,TRUE,,2024/12/26,12500
0130,FALSE,FALSE,put_monsterzero_on_the_shelf,Put monsterzero on the shelf,Put the Monster Zero on the shelf.,"robot : ALOHA, RBG camera : 4, Depth camera : 2, 8videos grid, audio in hdf5",Independant,put,50,250,77,,????????????????????,TRUE,,2024/12/26,12500
0131,FALSE,FALSE,put_redbull_on_the_shelf,Put redbull on the shelf,Put the Red Bull on the shelf.,"robot : ALOHA, RBG camera : 4, Depth camera : 2, 8videos grid, audio in hdf5",Independant,put,50,250,77,,??????????????????,TRUE,,2024/12/26,12500
0132,FALSE,FALSE,put_wonda_on_the_shelf,Put wonda on the shelf,Put the WONDA on the shelf.,"robot : ALOHA, RBG camera : 4, Depth camera : 2, 8videos grid, audio in hdf5",Independant,put,50,250,77,,????????????????????,TRUE,,2024/12/26,12500
0133,FALSE,FALSE,put_bossrainbow_on_the_shelf,Put bossrainbow on the shelf,Put the BOSS Rainbow on the shelf.,"robot : ALOHA, RBG camera : 4, Depth camera : 2, 8videos grid, audio in hdf5",Independant,put,50,250,77,,?????boss?????????????,TRUE,,2024/12/26,12500
0134,FALSE,FALSE,put_D_battery_on_the_shelf,Put D battery on the shelf,Put the D battery on the shelf.,"robot : ALOHA, RBG camera : 4, Depth camera : 2, 8videos grid, audio in hdf5",Independant,put,50,250,77,,?????????????????,TRUE,,2024/12/26,12500
0135,FALSE,FALSE,put_bisco_on_the_shelf,Put bisco on the shelf,Put the bisco on the shelf.,"robot : ALOHA, RBG camera : 4, Depth camera : 2, 8videos grid, audio in hdf5",Independant,put,50,250,77,,????????????????,TRUE,,2024/12/26,12500
0136,FALSE,FALSE,put_soyjoy_on_the_shelf,Put soyjoy on the shelf,Put the SOYJOY on the shelf.,"robot : ALOHA, RBG camera : 4, Depth camera : 2, 8videos grid, audio in hdf5",Independant,put,50,250,77,,?????SOYJOY????????,TRUE,,2024/12/27,12500
0137,FALSE,FALSE,put_gum_on_the_shelf,Put gum on the shelf,Put the gum on the shelf.,"robot : ALOHA, RBG camera : 4, Depth camera : 2, 8videos grid, audio in hdf5",Independant,put,50,250,77,,???????????????????,TRUE,,2024/12/27,12500
0138,FALSE,FALSE,put_calpas_on_the_shelf,Put calpas on the shelf,Put the salami stick on the shelf.,"robot : ALOHA, RBG camera : 4, Depth camera : 2, 8videos grid, audio in hdf5",Independant,put,50,250,77,,????????????????????,TRUE,,2024/12/27,12500
0139,FALSE,FALSE,put_candy_on_the_shelf,Put candy on the shelf,Put the candy on the shelf.,"robot : ALOHA, RBG camera : 4, Depth camera : 2, 8videos grid, audio in hdf5",Independant,put,50,250,77,,??????????????????????,TRUE,,2024/12/27,12500
0140,FALSE,FALSE,pick_and_place_R_NONIO,Pick up NONIO with your right hand and place it in the white case.,Put NONIO in the white case with your right arm.,"robot : ALOHA, RBG camera : 4, Depth camera : 2, 8videos grid, audio in hdf5",Independant,pick,50,250,77,,?????NONIO??????????,TRUE,,2024/12/25,12500
0141,FALSE,FALSE,pick_and_place_R_halls_candy,Pick up halls_candy with your right hand and place it in the white case.,Put halls_candy in the white case with your right arm.,"robot : ALOHA, RBG camera : 4, Depth camera : 2, 8videos grid, audio in hdf5",Independant,pick,50,250,77,,?????????????????????????,TRUE,,2024/12/25,12500
0142,FALSE,FALSE,pick_and_place_R_SOYJOY,Pick up SOYJOY with your right hand and place it in the white case.,Put SOYJOY in the white case with your right arm.,"robot : ALOHA, RBG camera : 4, Depth camera : 2, 8videos grid, audio in hdf5",Independant,pick,50,250,77,,?????SOYJOY??????????,TRUE,,2024/12/25,12500
0143,FALSE,FALSE,pick_and_place_R_hand_cream,Pick up hand_cream with your right hand and place it in the white case.,Put hand_cream in the white case with your right arm.,"robot : ALOHA, RBG camera : 4, Depth camera : 2, 8videos grid, audio in hdf5",Independant,pick,50,250,77,,??????????????????????,TRUE,,2024/12/25,12500
0144,FALSE,FALSE,pick_and_place_R_VC3000,Pick up VC3000 with your right hand and place it in the white case.,Put throat candy in the white case with your right arm.,"robot : ALOHA, RBG camera : 4, Depth camera : 2, 8videos grid, audio in hdf5",Independant,pick,50,250,77,,?????VC3000?????????????,TRUE,,2024/12/25,12500
0145,FALSE,FALSE,pick_and_place_R_jagarico_bits,Pick up jagarico_bits with your right hand and place it in the white case.,Put Jagariko bit in the white case with your right arm.,"robot : ALOHA, RBG camera : 4, Depth camera : 2, 8videos grid, audio in hdf5",Independant,pick,50,250,77,,???????????????????????,TRUE,,2024/12/25,12500
0146,FALSE,FALSE,pick_and_place_R_aojiso,Pick up aojiso with your right hand and place it in the white case.,Put Ao Jiso in the white case with your right arm.,"robot : ALOHA, RBG camera : 4, Depth camera : 2, 8videos grid, audio in hdf5",Independant,pick,50,250,77,,?????????????????????,TRUE,,2024/12/26,12500
0147,FALSE,FALSE,pick_and_place_R_mondamin,Pick up mondahmin with your right hand and place it in the white case.,Put Mondamin in the white case with your right arm.,"robot : ALOHA, RBG camera : 4, Depth camera : 2, 8videos grid, audio in hdf5",Independant,pick,50,250,77,,????????????????????,TRUE,,2024/12/26,12500
0148,FALSE,FALSE,pick_and_place_R_bioreU,Pick up bioreU with your right hand and place it in the white case.,Put Biore U in the white case with your right arm.,"robot : ALOHA, RBG camera : 4, Depth camera : 2, 8videos grid, audio in hdf5",Independant,pick,50,250,77,,????????U??????????,TRUE,,2024/12/26,12500
0149,FALSE,FALSE,pick_and_place_R_ramune,Pick up ramune with your right hand and place it in the white case.,Put Ramune candy in the white case with your right arm.,"robot : ALOHA, RBG camera : 4, Depth camera : 2, 8videos grid, audio in hdf5",Independant,pick,40,250,77,,??????????????????,TRUE,,2024/12/26,10000
0150,FALSE,FALSE,pick_and_place_R_dentalfloss_pick,Pick up dentalfloss pick with your right hand and place it in the white case.,Put dentalfloss pick in the white case with your right arm.,"robot : ALOHA, RBG camera : 4, Depth camera : 2, 8videos grid, audio in hdf5",Independant,pick,50,250,77,,??????????????????????,TRUE,,2024/12/26,12500
0151,FALSE,FALSE,pick_and_place_L_ponzu,Pick up ponzu with your left hand and place it in the white case.,Put ponzu in the white case with your left arm.,"robot : ALOHA, RBG camera : 4, Depth camera : 2, 8videos grid, audio in hdf5",Independant,pick,50,250,77,,??????????????????,TRUE,,2024/12/27,12500
0152,FALSE,FALSE,pick_and_place_L_samgetan,Pick up samgetan with your left hand and place it in the white case.,Put samgyetang in the white case with your left arm.,"robot : ALOHA, RBG camera : 4, Depth camera : 2, 8videos grid, audio in hdf5",Independant,pick,50,250,77,,????????????????????,TRUE,,2024/12/27,12500
0153,FALSE,FALSE,pick_and_place_L_bioreU,Pick up bioreU with your left hand and place it in the white case.,Put Biore U in the white case with your left arm.,"robot : ALOHA, RBG camera : 4, Depth camera : 2, 8videos grid, audio in hdf5",Independant,pick,50,250,77,,????????U??????????,TRUE,,2024/12/27,12500
0154,FALSE,FALSE,pick_and_place_L_tape,Pick up tape with your left hand and place it in the white case.,Put tape in the white case with your left arm.,"robot : ALOHA, RBG camera : 4, Depth camera : 2, 8videos grid, audio in hdf5",Independant,pick,50,250,77,,??????????????????,TRUE,,2024/12/27,12500
0155,FALSE,FALSE,pick_and_place_L_calorie_mate,Pick up calorie_mate with your left hand and place it in the white case.,Put CalorieMate in the white case with your left arm.,"robot : ALOHA, RBG camera : 4, Depth camera : 2, 8videos grid, audio in hdf5",Independant,pick,50,250,77,,??????????????????????,TRUE,,2024/12/27,12500
0156,FALSE,FALSE,pick_and_place_L_umaibo,Pick up umai_bo with your left hand and place it in the white case.,Put Umaibo in the white case with your left arm.,"robot : ALOHA, RBG camera : 4, Depth camera : 2, 8videos grid, audio in hdf5",Independant,pick,50,250,77,,???????????????????,TRUE,,2024/12/27,12500
0157,FALSE,FALSE,pick_and_place_L_kyukyutto,Pick up kyukyutto with your left hand and place it in the white case.,Put Kyu-Kyutto in the white case with your left arm.,"robot : ALOHA, RBG camera : 4, Depth camera : 2, 8videos grid, audio in hdf5",Independant,pick,50,250,77,,?????????????????????,TRUE,,2024/12/27,12500
0158,FALSE,FALSE,insert_shaft_into_gear_middle_shaft_randam,Grab a randomly placed shaft and put it into gear.,Insert randomly placed shafts into the gears.,"robot : ALOHA, RBG camera : 4, Depth camera : 2, 8videos grid, audio in hdf5",Independant,insert,150,500,496,,,TRUE,,2024/12/20,75000
0159,FALSE,FALSE,insert_shaft_into_gear_middle_shaft_randam,Grab the shaft and put it into a randomly placed gear,Insert the shaft into randomly placed gears.,"robot : ALOHA, RBG camera : 4, Depth camera : 2, 8videos grid, audio in hdf5",Independant,insert,150,500,510,,,TRUE,,2024/12/23,75000
0160,FALSE,TRUE,transfer_soyjoy_to_the_left_arm_and_box_it,Hand over a SOYJOY bar from the right arm to the left arm and store it in a box on the shelf,Hand over the SOYJOY from the right arm to the left arm and place it into the box on the shelf.,"robot : ALOHA, RBG camera : 4, Depth camera : 2, 8videos grid, audio in hdf5",Asymmetric Bimanual,hand-over,100,500,308,,???????????SOYJOY??????????????????,TRUE,,2025/01/07,50000
0161,FALSE,TRUE,transfer_bisco_to_the_left_arm_and_box_it,Hand over a bisco bar from the right arm to the left arm and store it in a box on the shelf,Hand over the bisco from the right arm to the left arm and place it into the box on the shelf.,"robot : ALOHA, RBG camera : 4, Depth camera : 2, 8videos grid, audio in hdf5",Asymmetric Bimanual,hand-over,100,500,308,,????????????????????????????????,TRUE,,2025/01/08,50000
0162,FALSE,TRUE,transfer_big_thunder_to_the_left_arm_and_box_it,Hand over a big thunder bar from the right arm to the left arm and store it in a box on the shelf,Hand over the big thunder from the right arm to the left arm and place it into the box on the shelf.,"robot : ALOHA, RBG camera : 4, Depth camera : 2, 8videos grid, audio in hdf5",Asymmetric Bimanual,hand-over,100,500,308,,????????????????????????????????????,TRUE,,2025/01/09,50000
0163,FALSE,FALSE,pick_and_place_L_jagarico_bits,Pick up jagarico bits with your left hand and place it in the white case.,Put Jagariko bit in the white case with your left arm.,"robot : ALOHA, RBG camera : 4, Depth camera : 2, 8videos grid, audio in hdf5",Independant,pick,50,250,77,,???????????????????????,TRUE,,2025/01/06,12500
0164,FALSE,FALSE,pick_and_place_L_VC3000,Pick up VC3000 with your left hand and place it in the white case.,Put throat candy in the white case with your left arm.,"robot : ALOHA, RBG camera : 4, Depth camera : 2, 8videos grid, audio in hdf5",Independant,pick,50,250,77,,?????VC3000?????????????,TRUE,,2025/01/06,12500
0165,FALSE,FALSE,pick_and_place_L_ramune,Pick up ramune bits with your left hand and place it in the white case.,Put Ramune candy in the white case with your left arm.,"robot : ALOHA, RBG camera : 4, Depth camera : 2, 8videos grid, audio in hdf5",Independant,pick,50,250,77,,??????????????????,TRUE,,2025/01/06,12500
0166,FALSE,FALSE,insert_shaft_into_gear_small_shaft_randam,Grab a randomly placed shaft and put it into gear.,Insert randomly placed shafts into the gears.,"robot : ALOHA, RBG camera : 4, Depth camera : 2, 8videos grid, audio in hdf5",Independant,insert,150,500,322,,,TRUE,,2024/12/24,75000
0167,FALSE,FALSE,insert_shaft_into_gear_small_gear_randam,Grab the shaft and put it into a randomly placed gear,Insert the shaft into randomly placed gears.,"robot : ALOHA, RBG camera : 4, Depth camera : 2, 8videos grid, audio in hdf5",Independant,insert,150,500,496,,,TRUE,,2025/01/14,75000
0168,FALSE,FALSE,place_soldering_iron_on_marker,Touch the tip of the soldering iron to the mark.,Touch the tip of the soldering iron to the mark.,"robot : ALOHA, RBG camera : 4, Depth camera : 2, 8videos grid, audio in hdf5",Independant,place,100,1500,924,,,TRUE,,2025/01/16,150000
0169,FALSE,TRUE,unscrew_the_cap_of_the_plastic_bottle,"Grip and hold the plastic bottle with the left arm, while the right arm unscrews the cap.","Grip and hold the plastic bottle with the left arm, while the right arm unscrews the cap.","robot : ALOHA, RBG camera : 4, Depth camera : 2, 8videos grid, audio in hdf5",Asymmetric Bimanual,unscrew,100,700,431,,??????????????????????????????????,TRUE,,2025/01/17,70000
0170,FALSE,TRUE,wipe_the_desk_with_an_orange_cloth,Pushes an orange cloth with the left arm to wipe the desk.,Pushes an orange cloth with the left arm to wipe the desk.,"robot : ALOHA, RBG camera : 4, Depth camera : 2, 8videos grid, audio in hdf5",Independant,wipe,50,250,77,,??????(????)???????????,TRUE,,2025/01/20,12500
0171,FALSE,TRUE,wipe_the_desk_with_a_yellow_cloth,Pushes a yellow cloth with the left arm to wipe the desk.,Pushes a yellow cloth with the left arm to wipe the desk.,"robot : ALOHA, RBG camera : 4, Depth camera : 2, 8videos grid, audio in hdf5",Independant,wipe,50,250,77,,??????(????)???????????,TRUE,,2025/01/21,12500
0172,FALSE,TRUE,wipe_the_desk_with_a_blue_cloth,Pushes a blue cloth with the left arm to wipe the desk.,Pushes a blue cloth with the left arm to wipe the desk.,"robot : ALOHA, RBG camera : 4, Depth camera : 2, 8videos grid, audio in hdf5",Independant,wipe,50,250,77,,??????(???)???????????,TRUE,,2025/01/21,12500
0173,TRUE,TRUE,collect_the_screws_using_a_dustpan_01,"Holds the dustpan with the left arm, while a human hand uses a hand brush to gather screws into the dustpan.","Holds the dustpan with the left arm, while a human hand uses a hand brush to gather screws into the dustpan.","robot : ALOHA, RBG camera : 4, Depth camera : 2, 8videos grid, audio in hdf5",collaboration,collect,50,500,154,,?????????(????)????????????????????????????????,TRUE,,2025/01/21,25000
0174,TRUE,TRUE,collect_the_screws_using_a_dustpan_02,"Holds the dustpan with a person, while the left arm uses a hand brush to gather the screws into the dustpan.","Holds the dustpan with a person, while the left arm uses a hand brush to gather the screws into the dustpan.","robot : ALOHA, RBG camera : 4, Depth camera : 2, 8videos grid, audio in hdf5",collaboration,collect,50,500,154,,?????????(????)????????????????????????????????,TRUE,,2025/01/22,25000
0175,FALSE,TRUE,place_the_slippers,Grabs the slippers with the left arm and arranges them.,Grabs the slippers with the left arm and arranges them.,"robot : ALOHA, RBG camera : 4, Depth camera : 2, 8videos grid, audio in hdf5",Independant,place,50,500,154,,??????????????????,TRUE,,2025/01/22,25000
0176,FALSE,FALSE,place_soldering_iron_and_solder_on_marker,Touch the tip of the soldering iron to the tip of the solder at the mark.,Touch the tip of the soldering iron to the tip of the solder at the mark.,"robot : ALOHA, RBG camera : 4, Depth camera : 2, 8videos grid, audio in hdf5",Unimanual,place,100,1500,924,,,TRUE,,2025/01/20,150000
0177,FALSE,FALSE,hit_mark_with_hammer,Hit the mark with a hammer.,Hit the mark with a hammer.,"robot : ALOHA, RBG camera : 4, Depth camera : 2, 8videos grid, audio in hdf5",Asymmetric Bimanual,place,100,1500,924,,,TRUE,,2025/01/22,150000
0178,FALSE,TRUE,wipe_the_desk_with_a_sponge,Pushes the sponge with the left arm to wipe the table.,Pushes the sponge with the left arm to wipe the table.,"robot : ALOHA, RBG camera : 4, Depth camera : 2, 8videos grid, audio in hdf5",Independant,wipe,50,250,77,,????????????????????,TRUE,,2025/01/22,12500
0179,FALSE,TRUE,place_the_chinese_spoons_on_the_cloth,Places a chinese spoon on each side of the plate on the cloth with the left arm.,Places a chinese spoon on each side of the plate on the cloth with the left arm.,"robot : ALOHA, RBG camera : 4, Depth camera : 2, 8videos grid, audio in hdf5",Independant,place,50,500,154,,?????????????????????????1??????,TRUE,,2025/01/23,25000
0180,FALSE,TRUE,pick_a_mocha_blend_from_the_shelf,Picks up the mocha blend from the shelf with the left arm.,Picks up the mocha blend from the shelf with the left arm.,"robot : ALOHA, RBG camera : 4, Depth camera : 2, 8videos grid, audio in hdf5",Independant,pick,50,250,77,,????????????????????,TRUE,,2025/01/23,12500
0181,FALSE,TRUE,pick_a_original_blend_from_the_shelf,Picks up the original blend from the shelf with the left arm.,Picks up the original blend from the shelf with the left arm.,"robot : ALOHA, RBG camera : 4, Depth camera : 2, 8videos grid, audio in hdf5",Independant,pick,50,250,77,,?????????????????(????????)??????,TRUE,,2025/01/23,12500
0182,FALSE,TRUE,pick_a_chocolate_rusk_from_the_shelf,Picks up the chocolate rusk from the shelf with the left arm.,Picks up the chocolate rusk from the shelf with the left arm.,"robot : ALOHA, RBG camera : 4, Depth camera : 2, 8videos grid, audio in hdf5",Independant,pick,50,250,77,,????????????????????,TRUE,,2025/01/24,12500
0183,FALSE,TRUE,restock_the_shelf_with_mocha_blend,Restock the shelf with the left arm by taking the mocha blend from the front and placing the new mocha blend at the back.,Restock the shelf with the left arm by taking the mocha blend from the front and placing the new mocha blend at the back.,"robot : ALOHA, RBG camera : 4, Depth camera : 2, 8videos grid, audio in hdf5",Independant,place,50,500,154,,?????????(????????????????????????????????????)???,TRUE,,2025/01/24,25000
0184,FALSE,TRUE,restock_the_shelf_with_original_blend,Restock the shelf with the left arm by taking the original blend from the front and placing the new original blend at the back.,Restock the shelf with the left arm by taking the original blend from the front and placing the new original blend at the back.,"robot : ALOHA, RBG camera : 4, Depth camera : 2, 8videos grid, audio in hdf5",Independant,place,50,500,154,,?????????(??????????????????????????????????????????)???,TRUE,,2025/01/27,25000
0185,FALSE,TRUE,restock_the_shelf_with_chocolate_rusk,Restock the shelf with the left arm by taking the chocolate rusk from the front and placing the new chocolate rusk at the back.,Restock the shelf with the left arm by taking the chocolate rusk from the front and placing the new chocolate rusk at the back.,"robot : ALOHA, RBG camera : 4, Depth camera : 2, 8videos grid, audio in hdf5",Independant,place,50,500,154,,?????????(????????????????????????????????????)???,TRUE,,2025/01/27,25000
0186,TRUE,TRUE,fold_bule_towel,fold the blue towel.,Fold the blue towel.,"robot : ALOHA, RBG camera : 4, Depth camera : 2, 8videos grid, audio in hdf5",Asymmetric Bimanual,fold,100,1000,616,,????????????????????,TRUE,,2025/01/23,100000
0187,TRUE,TRUE,fold_yellow_towel,fold the yellow towel.,Fold the yellow towel.,"robot : ALOHA, RBG camera : 4, Depth camera : 2, 8videos grid, audio in hdf5",Asymmetric Bimanual,fold,100,1000,616,,????????????????????,TRUE,,2025/01/28,100000
0188,FALSE,TRUE,pick_the_ionwater_from_basket,Picks the ion water from the shopping basket with the left arm.,Picks the ion water from the shopping basket with the left arm.,"robot : ALOHA, RBG camera : 4, Depth camera : 2, 8videos grid, audio in hdf5",Independant,pick,100,250,154,,????????????????????????????,TRUE,,2025/01/28,25000
0189,FALSE,TRUE,pick_the_chocolate_rusk_from_basket,Picks the chocolate rusks from the shopping basket with the left arm.,Picks the chocolate rusks from the shopping basket with the left arm.,"robot : ALOHA, RBG camera : 4, Depth camera : 2, 8videos grid, audio in hdf5",Independant,pick,100,250,154,,??????????????????????????,TRUE,,2025/01/29,25000
0190,FALSE,TRUE,pick_the_mocha_blend_from_basket,Picks the mocha blend from the shopping basket with the left arm.,Picks the mocha blend from the shopping basket with the left arm.,"robot : ALOHA, RBG camera : 4, Depth camera : 2, 8videos grid, audio in hdf5",Independant,pick,100,250,154,,??????????????????????????,TRUE,,2025/01/30,25000
0191,FALSE,TRUE,pick_the_tropicana_from_basket,Picks the Tropicana from the shopping basket with the left arm.,Picks the Tropicana from the shopping basket with the left arm.,"robot : ALOHA, RBG camera : 4, Depth camera : 2, 8videos grid, audio in hdf5",Independant,pick,100,250,154,,??????????????tropicana??????,TRUE,,2025/01/30,25000
0192,FALSE,TRUE,pick_the_healthia_from_basket,Picks the Healthyia from the shopping basket with the left arm.,Picks the Healthyia from the shopping basket with the left arm.,"robot : ALOHA, RBG camera : 4, Depth camera : 2, 8videos grid, audio in hdf5",Independant,pick,100,250,154,,????????????????????????,TRUE,,2025/01/30,25000
0193,FALSE,TRUE,pick_the_original_blend_from_basket,Picks the original blend from the shopping basket with the left arm.,Picks the original blend from the shopping basket with the left arm.,"robot : ALOHA, RBG camera : 4, Depth camera : 2, 8videos grid, audio in hdf5",Independant,pick,100,250,154,,?????????????????????????????,TRUE,,2025/01/31,25000
0194,FALSE,TRUE,pick_the_sponge_from_basket,Picks the sponge from the shopping basket with the left arm.,Picks the sponge from the shopping basket with the left arm.,"robot : ALOHA, RBG camera : 4, Depth camera : 2, 8videos grid, audio in hdf5",Independant,pick,100,250,154,,????????????????????????,TRUE,,2025/01/31,25000
0195,FALSE,TRUE,pick_the_soyjoy_from_basket,Picks the SOYJOY from the shopping basket with the left arm.,Picks the SOYJOY from the shopping basket with the left arm.,"robot : ALOHA, RBG camera : 4, Depth camera : 2, 8videos grid, audio in hdf5",Independant,pick,100,250,154,,??????????????SOYJOY??????,TRUE,,2025/01/31,25000
0196,FALSE,FALSE,pick_the_bisco_from_basket,Picks the bisco from the shopping basket with the left arm.,Picks the bisco from the shopping basket with the left arm.,"robot : ALOHA, RBG camera : 4, Depth camera : 2, 8videos grid, audio in hdf5",Independant,pick,100,250,154,,???????????????????????,TRUE,,2025/02/03,25000
0197,FALSE,FALSE,pick_the_gum_from_basket,Picks the gum from the shopping basket with the left arm.,Picks the gum from the shopping basket with the left arm.,"robot : ALOHA, RBG camera : 4, Depth camera : 2, 8videos grid, audio in hdf5",Independant,pick,100,250,154,,??????????????????????,TRUE,,2025/02/03,25000
0198,FALSE,FALSE,pick_the_slipper_from_basket,Picks the  from the shopping basket with the left arm.,Picks the  from the shopping basket with the left arm.,"robot : ALOHA, RBG camera : 4, Depth camera : 2, 8videos grid, audio in hdf5",Independant,pick,100,250,154,,????????????????????????,TRUE,,2025/02/03,25000
0199,FALSE,FALSE,pick_the_cellophane_tape_from_basket,Picks the cellophane tape from the shopping basket with the left arm.,Picks the cellophane tape from the shopping basket with the left arm.,"robot : ALOHA, RBG camera : 4, Depth camera : 2, 8videos grid, audio in hdf5",Independant,pick,100,250,154,,???????????????????????????,TRUE,,2025/02/05,25000
0200,FALSE,FALSE,pick_the_dustpan_from_basket,Picks the dustpan from the shopping basket with the left arm.,Picks the dustpan from the shopping basket with the left arm.,"robot : ALOHA, RBG camera : 4, Depth camera : 2, 8videos grid, audio in hdf5",Independant,pick,100,250,154,,????????????????????????,TRUE,,2025/02/05,25000
0201,FALSE,FALSE,pick_the_hand_brush_from_basket,Picks the hand brush from the shopping basket with the left arm.,Picks the hand brush from the shopping basket with the left arm.,"robot : ALOHA, RBG camera : 4, Depth camera : 2, 8videos grid, audio in hdf5",Independant,pick,100,250,154,,????????????????????(????)??????,TRUE,,2025/02/05,25000
0202,FALSE,FALSE,pick_the_tape_dispenser_from_basket,Picks the tape dispenser from the shopping basket with the left arm.,Picks the tape dispenser from the shopping basket with the left arm.,"robot : ALOHA, RBG camera : 4, Depth camera : 2, 8videos grid, audio in hdf5",Independant,pick,100,250,154,,???????????????????????????????,TRUE,,2025/02/06,25000
0203,FALSE,FALSE,pick_the_chinese_spoon_from_basket,Picks the chinese spoon from the shopping basket with the left arm.,Picks the chinese spoon from the shopping basket with the left arm.,"robot : ALOHA, RBG camera : 4, Depth camera : 2, 8videos grid, audio in hdf5",Independant,pick,100,250,154,,?????????????????(??????)??????,TRUE,,2025/02/07,25000
0204,FALSE,FALSE,pick_the_candy_from_basket,Picks the candy from the shopping basket with the left arm.,Picks the candy from the shopping basket with the left arm.,"robot : ALOHA, RBG camera : 4, Depth camera : 2, 8videos grid, audio in hdf5",Independant,pick,100,250,154,,?????????????????????????????,TRUE,,2025/02/07,25000
